Column1,Column2,Column3
69,0.34875909084791623,A
99,0.8222545733817266,C
96,0.5844472842868181,C
42,0.8068609343460061,A
2,0.3785430199231149,A
56,0.9478714479713132,A
11,0.6250825196096123,C
33,0.39155414551176926,B
65,0.8877262801645909,A
85,0.5275414485591615,C
