Column1,Column2,Column3
59,0.7960496585307857,A
87,0.9796492529390909,B
72,0.2867064317699496,C
55,0.7731866489820395,C
5,0.39098284161238117,B
35,0.39356638550943535,C
34,0.6502656499574305,A
71,0.672832471056583,B
20,0.22591856619488748,A
4,0.40879167424328045,C
